pcon_code,constituency_name,mp_id,mp_name,mp_party,mp_party_abbr,mp_membership_start,latitude,longitude
4496,Aberafan Maesteg,4359,Stephen Kinnock,Labour,Lab,2024-07-04T00:00:00,51.5924,-3.70491
4449,Aberdeen North,4357,Kirsty Blackman,Scottish National Party,SNP,2024-07-04T00:00:00,57.1902,-2.17988
4450,Aberdeen South,5450,Douglas Lumsden,Conservative,Con,2026-06-18T00:00:00,57.11908,-2.23894
4451,Aberdeenshire North and Moray East,5280,Seamus Logan,Scottish National Party,SNP,2024-07-04T00:00:00,57.54307,-2.75606
4452,Airdrie and Shotts,5200,Kenneth Stevenson,Labour,Lab,2024-07-04T00:00:00,55.8429,-3.86475
3878,Aldershot,5173,Alex Baker,Labour,Lab,2024-07-04T00:00:00,51.29027,-0.78648
3879,Aldridge-Brownhills,4358,Wendy Morton,Conservative,Con,2024-07-04T00:00:00,52.60704,-1.93172
4453,Alloa and Grangemouth,5196,Brian Leishman,Labour,Lab,2024-07-04T00:00:00,56.15435,-3.78265
3880,Altrincham and Sale West,5159,Mr Connor Rand,Labour,Lab,2024-07-04T00:00:00,53.39766,-2.39049
4497,Alyn and Deeside,1383,Sir Mark Tami,Labour,Lab,2024-07-04T00:00:00,53.1805,-3.01375
3881,Amber Valley,5107,Linsey Farnsworth,Labour,Lab,2024-07-04T00:00:00,53.04282,-1.39771
4454,Angus and Perthshire Glens,4736,Dave Doogan,Scottish National Party,SNP,2024-07-04T00:00:00,56.69702,-3.59103
4455,Arbroath and Broughty Ferry,5449,Lara Bird,Scottish National Party,SNP,2026-06-18T00:00:00,56.57525,-2.71001
4456,"Argyll, Bute and South Lochaber",4371,Brendan O'Hara,Scottish National Party,SNP,2024-07-04T00:00:00,56.28944,-5.22114
3882,Arundel and South Downs,4874,Andrew Griffith,Conservative,Con,2024-07-04T00:00:00,50.95798,-0.61584
3883,Ashfield,4743,Lee Anderson,Reform UK,RUK,2024-07-04T00:00:00,53.10395,-1.2541
3884,Ashford,5247,Sojan Joseph,Labour,Lab,2024-07-04T00:00:00,51.14343,1.018285
3885,Ashton-under-Lyne,4356,Angela Rayner,Labour,Lab,2024-07-04T00:00:00,53.48594,-2.11217
3886,Aylesbury,5341,Laura Kyrke-Smith,Labour,Lab,2024-07-04T00:00:00,51.83989,-0.61998
4439,"Ayr, Carrick and Cumnock",5206,Elaine Stewart,Labour,Lab,2024-07-04T00:00:00,55.30317,-4.53853
3887,Banbury,5328,Sean Woodcock,Labour,Lab,2024-07-04T00:00:00,51.99082,-1.43462
4498,Bangor Aberconwy,5113,Claire Hughes,Labour,Lab,2024-07-04T00:00:00,53.14801,-3.70962
3888,Barking,5180,Nesil Caliskan,Labour,Lab,2024-07-04T00:00:00,51.53932,0.106043
3889,Barnsley North,4243,Dan Jarvis,Labour,Lab,2024-07-04T00:00:00,53.57609,-1.4506
3890,Barnsley South,4607,Stephanie Peacock,Labour,Lab,2024-07-04T00:00:00,53.51741,-1.38372
3891,Barrow and Furness,5049,Michelle Scrogham,Labour,Lab,2024-07-04T00:00:00,54.35672,-3.23122
3892,Basildon and Billericay,4813,Mr Richard Holden,Conservative,Con,2024-07-04T00:00:00,51.60566,0.440099
3893,Basingstoke,5248,Luke Murphy,Labour,Lab,2024-07-04T00:00:00,51.24808,-1.1558
3894,Bassetlaw,5105,Jo White,Labour,Lab,2024-07-04T00:00:00,53.36061,-0.99444
3895,Bath,4602,Wera Hobhouse,Liberal Democrat,LD,2024-07-04T00:00:00,51.395,-2.36832
4457,Bathgate and Linlithgow,5179,Kirsteen Sullivan,Labour (Co-op),Lab,2024-07-04T00:00:00,55.92001,-3.62753
3896,Battersea,4676,Marsha De Cordova,Labour,Lab,2024-07-04T00:00:00,51.46642,-0.15703
3897,Beaconsfield,4759,Joy Morrissey,Conservative,Con,2024-07-04T00:00:00,51.55944,-0.58484
3898,Beckenham and Penge,5132,Liam Conlon,Labour,Lab,2024-07-04T00:00:00,51.40085,-0.03309
3899,Bedford,4598,Mohammad Yasin,Labour,Lab,2024-07-04T00:00:00,52.13483,-0.45508
4421,Belfast East,4360,Gavin Robinson,Democratic Unionist Party,DUP,2024-07-04T00:00:00,54.59517,-5.84357
4422,Belfast North,4823,John Finucane,Sinn Féin,SF,2024-07-04T00:00:00,54.64393,-5.94979
4423,Belfast South and Mid Down,4827,Claire Hanna,Social Democratic & Labour Party,SDLP,2024-07-04T00:00:00,54.52425,-5.90977
4424,Belfast West,4245,Paul Maskey,Sinn Féin,SF,2024-07-04T00:00:00,54.58249,-5.999
3900,Bermondsey and Old Southwark,4368,Neil Coyle,Labour,Lab,2024-07-04T00:00:00,51.49768,-0.07124
4440,"Berwickshire, Roxburgh and Selkirk",4608,John Lamont,Conservative,Con,2024-07-04T00:00:00,55.5122,-2.6961
3901,Bethnal Green and Stepney,4138,Rushanara Ali,Labour,Lab,2024-07-04T00:00:00,51.52232,-0.05638
3902,Beverley and Holderness,1482,Graham Stuart,Conservative,Con,2024-07-04T00:00:00,53.74772,-0.1294
3903,Bexhill and Battle,4860,Dr Kieran Mullan,Conservative,Con,2024-07-04T00:00:00,50.93811,0.525092
3904,Bexleyheath and Crayford,5184,Daniel Francis,Labour,Lab,2024-07-04T00:00:00,51.46244,0.164996
3905,Bicester and Woodstock,5346,Calum Miller,Liberal Democrat,LD,2024-07-04T00:00:00,51.88226,-1.24575
3906,Birkenhead,4083,Alison McGovern,Labour,Lab,2024-07-04T00:00:00,53.37448,-3.0419
3907,Birmingham Edgbaston,4603,Preet Kaur Gill,Labour (Co-op),Lab,2024-07-04T00:00:00,52.45345,-1.95751
3908,Birmingham Erdington,4938,Paulette Hamilton,Labour,Lab,2024-07-04T00:00:00,52.53194,-1.84562
3909,Birmingham Hall Green and Moseley,4747,Tahir Ali,Labour,Lab,2024-07-04T00:00:00,52.44053,-1.87636
3910,Birmingham Hodge Hill and Solihull North,1171,Liam Byrne,Labour,Lab,2024-07-04T00:00:00,52.48875,-1.79707
3911,Birmingham Ladywood,3914,Shabana Mahmood,Labour,Lab,2024-07-04T00:00:00,52.48151,-1.88992
3912,Birmingham Northfield,5234,Laurence Turner,Labour,Lab,2024-07-04T00:00:00,52.41676,-1.97366
3913,Birmingham Perry Barr,5357,Ayoub Khan,Independent,Ind,2024-07-04T00:00:00,52.52457,-1.91266
3914,Birmingham Selly Oak,5235,Al Carns,Labour,Lab,2024-07-04T00:00:00,52.42491,-1.93195
3915,Birmingham Yardley,4370,Jess Phillips,Labour,Lab,2024-07-04T00:00:00,52.46653,-1.80728
3916,Bishop Auckland,5108,Sam Rushworth,Labour,Lab,2024-07-04T00:00:00,54.66081,-1.95044
3917,Blackburn,5231,Mr Adnan Hussain,Independent,Ind,2024-07-04T00:00:00,53.74726,-2.50047
3918,Blackley and Middleton South,449,Graham Stringer,Labour,Lab,2024-07-04T00:00:00,53.52466,-2.21169
3919,Blackpool North and Fleetwood,5232,Lorraine Beavers,Labour,Lab,2024-07-04T00:00:00,53.88956,-3.0131
3920,Blackpool South,5025,Chris Webb,Labour,Lab,2024-07-04T00:00:00,53.80708,-3.02167
4499,Blaenau Gwent and Rhymney,3928,Nick Smith,Labour,Lab,2024-07-04T00:00:00,51.74807,-3.26665
3921,Blaydon and Consett,4618,Liz Twist,Labour,Lab,2024-07-04T00:00:00,54.91333,-1.78125
3922,Blyth and Ashington,4139,Ian Lavery,Labour,Lab,2024-07-04T00:00:00,55.15312,-1.56884
3923,Bognor Regis and Littlehampton,5203,Alison Griffiths,Conservative,Con,2024-07-04T00:00:00,50.80214,-0.5874
3924,Bolsover,5053,Natalie Fleet,Labour,Lab,2024-07-04T00:00:00,53.19678,-1.28719
3925,Bolton North East,5095,Kirith Entwistle,Labour,Lab,2024-07-04T00:00:00,53.59705,-2.41481
3926,Bolton South and Walkden,3924,Yasmin Qureshi,Labour,Lab,2024-07-04T00:00:00,53.54597,-2.39076
3927,Bolton West,5128,Phil Brickell,Labour,Lab,2024-07-04T00:00:00,53.5692,-2.53182
3928,Bootle,4397,Peter Dowd,Labour,Lab,2024-07-04T00:00:00,53.46765,-2.99696
3929,Boston and Skegness,5161,Richard Tice,Reform UK,RUK,2024-07-04T00:00:00,53.06638,0.078987
3930,Bournemouth East,5210,Tom Hayes,Labour,Lab,2024-07-04T00:00:00,50.74241,-1.83682
3931,Bournemouth West,5202,Jessica Toale,Labour,Lab,2024-07-04T00:00:00,50.74545,-1.90331
3932,Bracknell,5165,Peter Swallow,Labour,Lab,2024-07-04T00:00:00,51.37155,-0.77784
3933,Bradford East,4394,Imran Hussain,Labour,Lab,2024-07-04T00:00:00,53.79652,-1.73692
3934,Bradford South,4391,Judith Cummins,Labour,Lab,2024-07-04T00:00:00,53.75978,-1.7612
3935,Bradford West,4409,Naz Shah,Labour,Lab,2024-07-04T00:00:00,53.80076,-1.81182
3936,Braintree,4366,Sir James Cleverly,Conservative,Con,2024-07-04T00:00:00,51.94993,0.542924
4500,"Brecon, Radnor and Cwm Tawe",5284,David Chadwick,Liberal Democrat,LD,2024-07-04T00:00:00,52.10812,-3.44861
3937,Brent East,1489,Dawn Butler,Labour,Lab,2024-07-04T00:00:00,51.55703,-0.24494
3938,Brent West,146,Barry Gardiner,Labour,Lab,2024-07-04T00:00:00,51.56002,-0.29847
3939,Brentford and Isleworth,4389,Ruth Cadbury,Labour,Lab,2024-07-04T00:00:00,51.47583,-0.3437
3940,Brentwood and Ongar,4613,Alex Burghart,Conservative,Con,2024-07-04T00:00:00,51.6778,0.266181
4501,Bridgend,4572,Chris Elmore,Labour,Lab,2024-07-04T00:00:00,51.52199,-3.57204
3941,Bridgwater,5101,Sir Ashley Fox,Conservative,Con,2024-07-04T00:00:00,51.1288,-3.10687
3942,Bridlington and The Wolds,5169,Charlie Dewhirst,Conservative,Con,2024-07-04T00:00:00,54.00231,-0.54936
3943,Brigg and Immingham,3957,Martin Vickers,Conservative,Con,2024-07-04T00:00:00,53.57749,-0.4599
3944,Brighton Kemptown and Peacehaven,5276,Chris Ward,Labour,Lab,2024-07-04T00:00:00,50.82416,-0.09068
3945,Brighton Pavilion,5314,Siân Berry,Green Party,Green,2024-07-04T00:00:00,50.85237,-0.13704
3946,Bristol Central,5102,Carla Denyer,Green Party,Green,2024-07-04T00:00:00,51.46381,-2.59893
3947,Bristol East,1491,Kerry McCarthy,Labour,Lab,2024-07-04T00:00:00,51.43644,-2.54893
3948,Bristol North East,5010,Damien Egan,Labour,Lab,2024-07-04T00:00:00,51.47511,-2.53005
3949,Bristol North West,4621,Darren Jones,Labour,Lab,2024-07-04T00:00:00,51.5011,-2.64899
3950,Bristol South,4444,Karin Smyth,Labour,Lab,2024-07-04T00:00:00,51.42387,-2.59956
3951,Broadland and Fakenham,4739,Jerome Mayhew,Conservative,Con,2024-07-04T00:00:00,52.73561,1.237737
3952,Bromley and Biggin Hill,5209,Peter Fortune,Conservative,Con,2024-07-04T00:00:00,51.36081,0.022632
3953,Bromsgrove,5186,Bradley Thomas,Conservative,Con,2024-07-04T00:00:00,52.36169,-2.00376
3954,Broxbourne,5050,Lewis Cocking,Conservative,Con,2024-07-04T00:00:00,51.74089,-0.03467
3955,Broxtowe,5058,Juliet Campbell,Labour,Lab,2024-07-04T00:00:00,52.93499,-1.26007
3956,Buckingham and Bletchley,5193,Callum Anderson,Labour,Lab,2024-07-04T00:00:00,51.96883,-0.86846
3957,Burnley,5135,Oliver Ryan,Labour (Co-op),Lab,2024-07-04T00:00:00,53.77967,-2.23308
3958,Burton and Uttoxeter,5077,Jacob Collier,Labour,Lab,2024-07-04T00:00:00,52.9101,-1.93644
3959,Bury North,4637,Mr James Frith,Labour,Lab,2024-07-04T00:00:00,53.61785,-2.31421
3960,Bury South,4871,Christian Wakeford,Labour,Lab,2024-07-04T00:00:00,53.54512,-2.28815
3961,Bury St Edmunds and Stowmarket,5163,Dr Peter Prinsley,Labour,Lab,2024-07-04T00:00:00,52.27736,0.852784
4502,Caerfyrddin,5177,Ann Davies,Plaid Cymru,PC,2024-07-04T00:00:00,51.9373,-4.17124
4503,Caerphilly,4040,Chris Evans,Labour (Co-op),Lab,2024-07-04T00:00:00,51.61685,-3.21691
4458,"Caithness, Sutherland and Easter Ross",4612,Jamie Stone,Liberal Democrat,LD,2024-07-04T00:00:00,58.00812,-4.57679
3962,Calder Valley,5295,Josh Fenton-Glynn,Labour,Lab,2024-07-04T00:00:00,53.72046,-2.04897
3963,Camborne and Redruth,5208,Perran Moon,Labour,Lab,2024-07-04T00:00:00,50.22011,-5.2636
3964,Cambridge,4382,Daniel Zeichner,Labour,Lab,2024-07-04T00:00:00,52.19987,0.123846
3965,Cannock Chase,5034,Josh Newbury,Labour,Lab,2024-07-04T00:00:00,52.70166,-1.98277
3966,Canterbury,4616,Rosie Duffield,Independent,Ind,2024-07-04T00:00:00,51.27305,1.089267
4504,Cardiff East,4425,Jo Stevens,Labour,Lab,2024-07-04T00:00:00,51.51098,-3.1251
4505,Cardiff North,4632,Anna McMorrin,Labour,Lab,2024-07-04T00:00:00,51.53366,-3.1749
4506,Cardiff South and Penarth,4264,Stephen Doughty,Labour (Co-op),Lab,2024-07-04T00:00:00,51.43809,-3.19083
4507,Cardiff West,5175,Mr Alex Barros-Curtis,Labour,Lab,2024-07-04T00:00:00,51.5079,-3.28287
3967,Carlisle,5094,Ms Julie Minns,Labour,Lab,2024-07-04T00:00:00,54.97827,-2.80479
3968,Carshalton and Wallington,5083,Bobby Dean,Liberal Democrat,LD,2024-07-04T00:00:00,51.35631,-0.15891
3969,Castle Point,3948,Rebecca Harris,Conservative,Con,2024-07-04T00:00:00,51.55894,0.574745
4441,Central Ayrshire,5185,Alan Gemmell,Labour,Lab,2024-07-04T00:00:00,55.52066,-4.55254
3970,Central Devon,3935,Sir Mel Stride,Conservative,Con,2024-07-04T00:00:00,50.71147,-3.79492
3971,Central Suffolk and North Ipswich,5303,Patrick Spencer,Independent,Ind,2024-07-04T00:00:00,52.17087,1.224112
4508,Ceredigion Preseli,4630,Ben Lake,Plaid Cymru,PC,2024-07-04T00:00:00,52.1999,-4.07753
3972,Chatham and Aylesford,5220,Tristan Osborne,Labour,Lab,2024-07-04T00:00:00,51.34097,0.508449
3973,Cheadle,5090,Tom Morrison,Liberal Democrat,LD,2024-07-04T00:00:00,53.36718,-2.18847
3974,Chelmsford,5073,Marie Goldman,Liberal Democrat,LD,2024-07-04T00:00:00,51.73091,0.482869
3975,Chelsea and Fulham,5344,Ben Coleman,Labour,Lab,2024-07-04T00:00:00,51.48026,-0.20079
3976,Cheltenham,5055,Max Wilkinson,Liberal Democrat,LD,2024-07-04T00:00:00,51.88714,-2.07073
3977,Chesham and Amersham,4918,Sarah Green,Liberal Democrat,LD,2024-07-04T00:00:00,51.66039,-0.62462
3978,Chester North and Neston,4976,Samantha Dixon,Labour,Lab,2024-07-04T00:00:00,53.2468,-2.95448
3979,Chester South and Eddisbury,5241,Aphra Brandreth,Conservative,Con,2024-07-04T00:00:00,53.1214,-2.68282
3980,Chesterfield,3952,Mr Toby Perkins,Labour,Lab,2024-07-04T00:00:00,53.24792,-1.40049
3981,Chichester,5335,Jess Brown-Fuller,Liberal Democrat,LD,2024-07-04T00:00:00,50.84255,-0.80636
3982,Chingford and Woodford Green,152,Sir Iain Duncan Smith,Conservative,Con,2024-07-04T00:00:00,51.61932,0.004346
3983,Chippenham,5239,Sarah Gibson,Liberal Democrat,LD,2024-07-04T00:00:00,51.49076,-1.93564
3984,Chipping Barnet,5282,Dan Tomlinson,Labour,Lab,2024-07-04T00:00:00,51.6377,-0.20617
3985,Chorley,467,Sir Lindsay Hoyle,Speaker,Spk,2024-07-04T00:00:00,53.66837,-2.61478
3986,Christchurch,242,Sir Christopher Chope,Conservative,Con,2024-07-04T00:00:00,50.79432,-1.86804
3987,Cities of London and Westminster,5257,Rachel Blake,Labour (Co-op),Lab,2024-07-04T00:00:00,51.51175,-0.12386
3988,City of Durham,4753,Mary Kelly Foy,Labour,Lab,2024-07-04T00:00:00,54.75525,-1.61293
3989,Clacton,5091,Nigel Farage,Reform UK,RUK,2024-07-04T00:00:00,51.85512,1.149974
3990,Clapham and Brixton Hill,4764,Bell Ribeiro-Addy,Labour,Lab,2024-07-04T00:00:00,51.45857,-0.12952
4509,Clwyd East,5181,Becky Gittins,Labour,Lab,2024-07-04T00:00:00,53.15106,-3.24694
4510,Clwyd North,5104,Gill German,Labour,Lab,2024-07-04T00:00:00,53.24495,-3.47592
4459,Coatbridge and Bellshill,5183,Frank McNally,Labour,Lab,2024-07-04T00:00:00,55.86846,-4.052
3991,Colchester,5042,Pam Cox,Labour,Lab,2024-07-04T00:00:00,51.88681,0.900077
3992,Colne Valley,5317,Paul Davies,Labour,Lab,2024-07-04T00:00:00,53.59662,-1.87177
3993,Congleton,5324,Sarah Russell,Labour,Lab,2024-07-04T00:00:00,53.16587,-2.29277
3994,Corby and East Northamptonshire,5315,Lee Barron,Labour,Lab,2024-07-04T00:00:00,52.47361,-0.54241
3995,Coventry East,1579,Mary Creagh,Labour,Lab,2024-07-04T00:00:00,52.43637,-1.46813
3996,Coventry North West,4779,Taiwo Owatemi,Labour,Lab,2024-07-04T00:00:00,52.43275,-1.55584
3997,Coventry South,4786,Zarah Sultana,Your Party,YP,2026-04-25T00:00:00,52.39277,-1.53731
4460,Cowdenbeath and Kirkcaldy,5240,Melanie Ward,Labour,Lab,2024-07-04T00:00:00,56.07986,-3.27747
3998,Cramlington and Killingworth,5029,Emma Foody,Labour (Co-op),Lab,2024-07-04T00:00:00,55.06549,-1.56242
3999,Crawley,5345,Peter Lamb,Labour,Lab,2024-07-04T00:00:00,51.12357,-0.19533
4000,Crewe and Nantwich,5273,Connor Naismith,Labour,Lab,2024-07-04T00:00:00,53.08127,-2.419
4001,Croydon East,5119,Natasha Irons,Labour,Lab,2024-07-04T00:00:00,51.36164,-0.04434
4002,Croydon South,4503,Chris Philp,Conservative,Con,2024-07-04T00:00:00,51.3237,-0.10847
4003,Croydon West,4631,Sarah Jones,Labour,Lab,2024-07-04T00:00:00,51.38205,-0.09755
4461,Cumbernauld and Kirkintilloch,5309,Katrina Murray,Labour,Lab,2024-07-04T00:00:00,55.95841,-4.01786
4004,Dagenham and Rainham,5272,Margaret Mullane,Labour,Lab,2024-07-04T00:00:00,51.52789,0.18386
4005,Darlington,5037,Lola McEvoy,Labour,Lab,2024-07-04T00:00:00,54.56217,-1.62204
4006,Dartford,5223,Jim Dickson,Labour,Lab,2024-07-04T00:00:00,51.43373,0.245276
4007,Daventry,4032,Stuart Andrew,Conservative,Con,2024-07-04T00:00:00,52.28878,-0.9735
4008,Derby North,5143,Catherine Atkinson,Labour,Lab,2024-07-04T00:00:00,52.92161,-1.51918
4009,Derby South,5176,Baggy Shanker,Labour (Co-op),Lab,2024-07-04T00:00:00,52.8941,-1.46239
4010,Derbyshire Dales,5342,John Whitby,Labour,Lab,2024-07-04T00:00:00,53.10012,-1.68829
4011,Dewsbury and Batley,5268,Iqbal Mohamed,Independent,Ind,2024-07-04T00:00:00,53.67596,-1.64113
4012,Didcot and Wantage,5318,Olly Glover,Liberal Democrat,LD,2024-07-04T00:00:00,51.62669,-1.30573
4013,Doncaster Central,5178,Sally Jameson,Labour (Co-op),Lab,2024-07-04T00:00:00,53.47544,-1.12474
4014,Doncaster East and the Isle of Axholme,5233,Lee Pitcher,Labour,Lab,2024-07-04T00:00:00,53.55331,-0.89715
4015,Doncaster North,1510,Ed Miliband,Labour,Lab,2024-07-04T00:00:00,53.57392,-1.16598
4016,Dorking and Horley,5198,Chris Coghlan,Liberal Democrat,LD,2024-07-04T00:00:00,51.2053,-0.29468
4017,Dover and Deal,5266,Mike Tapp,Labour,Lab,2024-07-04T00:00:00,51.18095,1.287481
4018,Droitwich and Evesham,4407,Nigel Huddleston,Conservative,Con,2024-07-04T00:00:00,52.18413,-2.09977
4019,Dudley,5274,Sonia Kumar,Labour,Lab,2024-07-04T00:00:00,52.51996,-2.10673
4020,Dulwich and West Norwood,4510,Helen Hayes,Labour,Lab,2024-07-04T00:00:00,51.44488,-0.0902
4462,Dumfries and Galloway,5358,John Cooper,Conservative,Con,2024-07-04T00:00:00,54.9835,-4.30279
4463,"Dumfriesshire, Clydesdale and Tweeddale",1512,David Mundell,Conservative,Con,2024-07-04T00:00:00,55.38097,-3.4946
4464,Dundee Central,4403,Chris Law,Scottish National Party,SNP,2024-07-04T00:00:00,56.47688,-3.00916
4465,Dunfermline and Dollar,5275,Graeme Downie,Labour,Lab,2024-07-04T00:00:00,56.10983,-3.56928
4021,Dunstable and Leighton Buzzard,5141,Alex Mayer,Labour,Lab,2024-07-04T00:00:00,51.91911,-0.59529
4511,Dwyfor Meirionnydd,4521,Liz Saville Roberts,Plaid Cymru,PC,2024-07-04T00:00:00,52.87285,-3.75884
4022,Ealing Central and Acton,4511,Dr Rupa Huq,Labour,Lab,2024-07-04T00:00:00,51.51624,-0.2725
4023,Ealing North,4797,James Murray,Labour (Co-op),Lab,2024-07-04T00:00:00,51.53554,-0.36063
4024,Ealing Southall,5075,Deirdre Costigan,Labour,Lab,2024-07-04T00:00:00,51.51161,-0.37076
4025,Earley and Woodley,5267,Yuan Yang,Labour,Lab,2024-07-04T00:00:00,51.42259,-0.93865
4026,Easington,3973,Grahame Morris,Labour,Lab,2024-07-04T00:00:00,54.77588,-1.35582
4425,East Antrim,1593,Sammy Wilson,Democratic Unionist Party,DUP,2024-07-04T00:00:00,54.91943,-6.00849
4027,East Grinstead and Uckfield,4513,Mims Davies,Conservative,Con,2024-07-04T00:00:00,51.03963,-0.03103
4028,East Ham,163,Sir Stephen Timms,Labour,Lab,2024-07-04T00:00:00,51.53915,0.055721
4029,East Hampshire,3969,Damian Hinds,Conservative,Con,2024-07-04T00:00:00,51.07177,-1.03933
4466,East Kilbride and Strathaven,5079,Joani Reid,Independent,Ind,2024-07-04T00:00:00,55.65761,-4.1113
4426,East Londonderry,1409,Mr Gregory Campbell,Democratic Unionist Party,DUP,2024-07-04T00:00:00,55.01207,-6.8926
4442,East Renfrewshire,5076,Blair McDougall,Labour,Lab,2024-07-04T00:00:00,55.74868,-4.36058
4030,East Surrey,4806,Claire Coutinho,Conservative,Con,2024-07-04T00:00:00,51.23096,-0.05766
4031,East Thanet,5123,Ms Polly Billington,Labour,Lab,2024-07-04T00:00:00,51.35918,1.401751
4032,East Wiltshire,4858,Danny Kruger,Reform UK,RUK,2024-07-04T00:00:00,51.34447,-1.74661
4033,East Worthing and Shoreham,5222,Tom Rutland,Labour,Lab,2024-07-04T00:00:00,50.84274,-0.34395
4034,Eastbourne,5086,Josh Babarinde,Liberal Democrat,LD,2024-07-04T00:00:00,50.77387,0.258516
4035,Eastleigh,5040,Liz Jarvis,Liberal Democrat,LD,2024-07-04T00:00:00,50.9522,-1.33641
4467,Edinburgh East and Musselburgh,5245,Chris Murray,Labour,Lab,2024-07-04T00:00:00,55.9415,-3.1052
4468,Edinburgh North and Leith,5188,Tracy Gilbert,Labour,Lab,2024-07-04T00:00:00,55.96908,-3.21357
4469,Edinburgh South,3966,Ian Murray,Labour,Lab,2024-07-04T00:00:00,55.9148,-3.1708
4470,Edinburgh South West,5212,Dr Scott Arthur,Labour,Lab,2024-07-04T00:00:00,55.88445,-3.30742
4471,Edinburgh West,4634,Christine Jardine,Liberal Democrat,LD,2024-07-04T00:00:00,55.94798,-3.33179
4036,Edmonton and Winchmore Hill,4515,Kate Osamor,Labour (Co-op),Lab,2024-07-04T00:00:00,51.62924,-0.06993
4037,Ellesmere Port and Bromborough,4418,Justin Madders,Labour,Lab,2024-07-04T00:00:00,53.2919,-2.94059
4038,Eltham and Chislehurst,165,Clive Efford,Labour,Lab,2024-07-04T00:00:00,51.43608,0.056759
4039,Ely and East Cambridgeshire,5182,Charlotte Cane,Liberal Democrat,LD,2024-07-04T00:00:00,52.35788,0.283149
4040,Enfield North,4822,Feryal Clark,Labour,Lab,2024-07-04T00:00:00,51.66446,-0.06923
4041,Epping Forest,4853,Dr Neil Hudson,Conservative,Con,2024-07-04T00:00:00,51.6773,0.066831
4042,Epsom and Ewell,5336,Helen Maguire,Liberal Democrat,LD,2024-07-04T00:00:00,51.3225,-0.28906
4043,Erewash,5044,Adam Thompson,Labour,Lab,2024-07-04T00:00:00,52.93676,-1.30382
4044,Erith and Thamesmead,4820,Ms Abena Oppong-Asare,Labour,Lab,2024-07-04T00:00:00,51.48707,0.124377
4045,Esher and Walton,5299,Monica Harding,Liberal Democrat,LD,2024-07-04T00:00:00,51.37831,-0.37238
4046,Exeter,5064,Steve Race,Labour,Lab,2024-07-04T00:00:00,50.72426,-3.52548
4047,Exmouth and Exeter East,5347,David Reed,Conservative,Con,2024-07-04T00:00:00,50.72343,-3.42404
4472,Falkirk,5110,Euan Stainbank,Labour,Lab,2024-07-04T00:00:00,55.97458,-3.78996
4048,Fareham and Waterlooville,4475,Suella Braverman,Reform UK,RUK,2024-07-04T00:00:00,50.88378,-1.11208
4049,Farnham and Bordon,5351,Gregory Stafford,Conservative,Con,2024-07-04T00:00:00,51.15258,-0.79538
4050,Faversham and Mid Kent,4527,Helen Whately,Conservative,Con,2024-07-04T00:00:00,51.28471,0.764887
4051,Feltham and Heston,4253,Seema Malhotra,Labour (Co-op),Lab,2024-07-04T00:00:00,51.44977,-0.41399
4427,Fermanagh and South Tyrone,5261,Pat Cullen,Sinn Féin,SF,2024-07-04T00:00:00,54.36026,-7.53348
4052,Filton and Bradley Stoke,5306,Claire Hazelgrove,Labour,Lab,2024-07-04T00:00:00,51.51321,-2.53856
4053,Finchley and Golders Green,5204,Sarah Sackman,Labour,Lab,2024-07-04T00:00:00,51.58597,-0.19437
4054,Folkestone and Hythe,5067,Tony Vaughan,Labour,Lab,2024-07-04T00:00:00,51.01263,0.891467
4055,Forest of Dean,5323,Matt Bishop,Labour,Lab,2024-07-04T00:00:00,51.90685,-2.43216
4428,Foyle,4846,Colum Eastwood,Social Democratic & Labour Party,SDLP,2024-07-04T00:00:00,55.00724,-7.29189
4056,Frome and East Somerset,5286,Anna Sabine,Liberal Democrat,LD,2024-07-04T00:00:00,51.24861,-2.458
4057,Fylde,5072,Mr Andrew Snowden,Conservative,Con,2024-07-04T00:00:00,53.79709,-2.91914
4058,Gainsborough,345,Sir Edward Leigh,Conservative,Con,2024-07-04T00:00:00,53.40044,-0.50774
4059,Gateshead Central and Whickham,5031,Mark Ferguson,Labour,Lab,2024-07-04T00:00:00,54.93628,-1.64306
4060,Gedling,5146,Michael Payne,Labour,Lab,2024-07-04T00:00:00,52.99351,-1.09589
4061,Gillingham and Rainham,5215,Naushabah Khan,Labour,Lab,2024-07-04T00:00:00,51.36253,0.584473
4473,Glasgow East,5170,John Grady,Labour,Lab,2024-07-04T00:00:00,55.84353,-4.14454
4474,Glasgow North,5251,Martin Rhodes,Labour,Lab,2024-07-04T00:00:00,55.8926,-4.2769
4475,Glasgow North East,5137,Maureen Burke,Labour,Lab,2024-07-04T00:00:00,55.8791,-4.15988
4476,Glasgow South,5189,Gordon McKee,Labour,Lab,2024-07-04T00:00:00,55.8114,-4.2471
4477,Glasgow South West,5213,Dr Zubir Ahmed,Labour,Lab,2024-07-04T00:00:00,55.8523,-4.32056
4478,Glasgow West,5190,Patricia Ferguson,Labour,Lab,2024-07-04T00:00:00,55.88738,-4.34159
4062,Glastonbury and Somerton,4995,Sarah Dyke,Liberal Democrat,LD,2024-07-04T00:00:00,51.0491,-2.6083
4479,Glenrothes and Mid Fife,5253,Richard Baker,Labour,Lab,2024-07-04T00:00:00,56.17522,-3.15535
4063,Gloucester,5349,Alex McIntyre,Labour,Lab,2024-07-04T00:00:00,51.84545,-2.23296
4064,Godalming and Ash,1572,Sir Jeremy Hunt,Conservative,Con,2024-07-04T00:00:00,51.17817,-0.59515
4065,Goole and Pocklington,373,David Davis,Conservative,Con,2024-07-04T00:00:00,53.84279,-0.82614
4480,Gordon and Buchan,5311,Harriet Cross,Conservative,Con,2024-07-04T00:00:00,57.39164,-2.44081
4066,Gorton and Denton,5447,Hannah Spencer,Green Party,Green,2026-02-26T00:00:00,53.44607,-2.11951
4067,Gosport,4008,Dame Caroline Dinenage,Conservative,Con,2024-07-04T00:00:00,50.80959,-1.17196
4512,Gower,4623,Tonia Antoniazzi,Labour,Lab,2024-07-04T00:00:00,51.60483,-4.09333
4068,Grantham and Bourne,4850,Gareth Davies,Conservative,Con,2024-07-04T00:00:00,52.90332,-0.51715
4069,Gravesham,5269,Dr Lauren Sullivan,Labour,Lab,2024-07-04T00:00:00,51.39649,0.398744
4070,Great Grimsby and Cleethorpes,4464,Melanie Onn,Labour,Lab,2024-07-04T00:00:00,53.56245,-0.08591
4071,Great Yarmouth,5158,Rupert Lowe,Restore Britain,RB,2024-07-04T00:00:00,52.68439,1.649525
4072,Greenwich and Woolwich,4520,Matthew Pennycook,Labour,Lab,2024-07-04T00:00:00,51.484,0.034399
4073,Guildford,5313,Zöe Franklin,Liberal Democrat,LD,2024-07-04T00:00:00,51.27279,-0.46344
4074,Hackney North and Stoke Newington,172,Ms Diane Abbott,Independent,Ind,2024-07-04T00:00:00,51.56352,-0.06984
4075,Hackney South and Shoreditch,1524,Dame Meg Hillier,Labour (Co-op),Lab,2024-07-04T00:00:00,51.5365,-0.07003
4076,Halesowen,5238,Alex Ballinger,Labour,Lab,2024-07-04T00:00:00,52.45706,-2.05768
4077,Halifax,5224,Kate Dearden,Labour (Co-op),Lab,2024-07-04T00:00:00,53.73844,-1.87624
4078,Hamble Valley,4803,Paul Holmes,Conservative,Con,2024-07-04T00:00:00,50.8629,-1.26757
4481,Hamilton and Clyde Valley,5136,Imogen Walker,Labour,Lab,2024-07-04T00:00:00,55.6735,-3.92337
4079,Hammersmith and Chiswick,1516,Andy Slaughter,Labour,Lab,2024-07-04T00:00:00,51.49308,-0.24498
4080,Hampstead and Highgate,4518,Tulip Siddiq,Labour,Lab,2024-07-04T00:00:00,51.56036,-0.1675
4081,"Harborough, Oadby and Wigston",4679,Neil O'Brien,Conservative,Con,2024-07-04T00:00:00,52.53794,-1.01179
4082,Harlow,5237,Chris Vince,Labour (Co-op),Lab,2024-07-04T00:00:00,51.79258,0.202569
4083,Harpenden and Berkhamsted,5201,Victoria Collins,Liberal Democrat,LD,2024-07-04T00:00:00,51.79313,-0.47744
4084,Harrogate and Knaresborough,5032,Tom Gordon,Liberal Democrat,LD,2024-07-04T00:00:00,54.0179,-1.47936
4085,Harrow East,4005,Bob Blackman,Conservative,Con,2024-07-04T00:00:00,51.61103,-0.31514
4086,Harrow West,177,Gareth Thomas,Labour (Co-op),Lab,2024-07-04T00:00:00,51.57929,-0.35135
4087,Hartlepool,5045,Mr Jonathan Brash,Labour,Lab,2024-07-04T00:00:00,54.67613,-1.27017
4088,Harwich and North Essex,40,Sir Bernard Jenkin,Conservative,Con,2024-07-04T00:00:00,51.90067,0.996735
4089,Hastings and Rye,5192,Helena Dollimore,Labour (Co-op),Lab,2024-07-04T00:00:00,50.92016,0.682749
4090,Havant,4484,Alan Mak,Conservative,Con,2024-07-04T00:00:00,50.86517,-0.99025
4091,Hayes and Harlington,178,John McDonnell,Labour,Lab,2024-07-04T00:00:00,51.48816,-0.44344
4092,Hazel Grove,5070,Lisa Smart,Liberal Democrat,LD,2024-07-04T00:00:00,53.39927,-2.07696
4093,Hemel Hempstead,5348,David Taylor,Labour,Lab,2024-07-04T00:00:00,51.73514,-0.49356
4094,Hendon,5360,David Pinto-Duschinsky,Labour,Lab,2024-07-04T00:00:00,51.60194,-0.23931
4095,Henley and Thame,5296,Freddie van Mierlo,Liberal Democrat,LD,2024-07-04T00:00:00,51.62174,-1.06192
4096,Hereford and South Herefordshire,3991,Jesse Norman,Conservative,Con,2024-07-04T00:00:00,51.97423,-2.83437
4097,Herne Bay and Sandwich,87,Sir Roger Gale,Conservative,Con,2024-07-04T00:00:00,51.33678,1.220864
4098,Hertford and Stortford,5187,Josh Dean,Labour,Lab,2024-07-04T00:00:00,51.83573,0.090088
4099,Hertsmere,4441,Sir Oliver Dowden,Conservative,Con,2024-07-04T00:00:00,51.68494,-0.2696
4100,Hexham,5081,Joe Morris,Labour,Lab,2024-07-04T00:00:00,55.07544,-2.09022
4101,Heywood and Middleton North,5084,Mrs Elsie Blundell,Labour,Lab,2024-07-04T00:00:00,53.61101,-2.21691
4102,High Peak,5115,Jon Pearce,Labour,Lab,2024-07-04T00:00:00,53.38563,-1.844
4103,Hinckley and Bosworth,4781,Dr Luke Evans,Conservative,Con,2024-07-04T00:00:00,52.61479,-1.4144
4104,Hitchin,5000,Alistair Strathern,Labour,Lab,2024-07-04T00:00:00,51.94709,-0.28102
4105,Holborn and St Pancras,4514,Sir Keir Starmer,Labour,Lab,2024-07-04T00:00:00,51.53516,-0.13355
4106,Honiton and Sidmouth,4942,Richard Foord,Liberal Democrat,LD,2024-07-04T00:00:00,50.79075,-3.11649
4107,Hornchurch and Upminster,4647,Julia Lopez,Conservative,Con,2024-07-04T00:00:00,51.55895,0.263066
4108,Hornsey and Friern Barnet,4523,Catherine West,Labour,Lab,2024-07-04T00:00:00,51.58883,-0.1294
4109,Horsham,5329,John Milne,Liberal Democrat,LD,2024-07-04T00:00:00,51.03602,-0.36022
4110,Houghton and Sunderland South,4046,Bridget Phillipson,Labour,Lab,2024-07-04T00:00:00,54.85205,-1.43976
4111,Hove and Portslade,4505,Peter Kyle,Labour,Lab,2024-07-04T00:00:00,50.8501,-0.19832
4112,Huddersfield,5289,Harpreet Uppal,Labour,Lab,2024-07-04T00:00:00,53.65275,-1.7694
4113,Huntingdon,5089,Ben Obese-Jecty,Conservative,Con,2024-07-04T00:00:00,52.34934,-0.23481
4114,Hyndburn,5117,Sarah Smith,Labour,Lab,2024-07-04T00:00:00,53.75279,-2.38425
4115,Ilford North,4504,Wes Streeting,Labour,Lab,2024-07-04T00:00:00,51.59104,0.083602
4116,Ilford South,5227,Jas Athwal,Labour,Lab,2024-07-04T00:00:00,51.57158,0.104733
4482,Inverclyde and Renfrewshire West,5129,Martin McCluskey,Labour,Lab,2024-07-04T00:00:00,55.89822,-4.75425
4483,"Inverness, Skye and West Ross-shire",5362,Mr Angus MacDonald,Liberal Democrat,LD,2024-07-04T00:00:00,57.30176,-4.70826
4117,Ipswich,5131,Jack Abbott,Labour (Co-op),Lab,2024-07-04T00:00:00,52.05584,1.166723
4118,Isle of Wight East,5255,Joe Robertson,Conservative,Con,2024-07-04T00:00:00,50.6838,-1.16894
4119,Isle of Wight West,5144,Richard Quigley,Labour,Lab,2024-07-04T00:00:00,50.67161,-1.39211
4120,Islington North,185,Jeremy Corbyn,Your Party,YP,2024-07-04T00:00:00,51.56093,-0.11737
4121,Islington South and Finsbury,1536,Emily Thornberry,Labour,Lab,2024-07-04T00:00:00,51.53799,-0.10047
4122,Jarrow and Gateshead East,4783,Kate Osborne,Labour,Lab,2024-07-04T00:00:00,54.95718,-1.51386
4123,Keighley and Ilkley,4861,Robbie Moore,Conservative,Con,2024-07-04T00:00:00,53.89658,-1.91949
4124,Kenilworth and Southam,1560,Sir Jeremy Wright,Conservative,Con,2024-07-04T00:00:00,52.1579,-1.49658
4125,Kensington and Bayswater,5229,Joe Powell,Labour,Lab,2024-07-04T00:00:00,51.50412,-0.1923
4126,Kettering,5331,Rosie Wrighting,Labour,Lab,2024-07-04T00:00:00,52.43044,-0.76018
4444,Kilmarnock and Loudoun,5043,Lillian Jones,Labour,Lab,2024-07-04T00:00:00,55.57064,-4.29487
4127,Kingston and Surbiton,188,Ed Davey,Liberal Democrat,LD,2024-07-04T00:00:00,51.38754,-0.28718
4128,Kingston upon Hull East,4030,Karl Turner,Independent,Ind,2024-07-04T00:00:00,53.77321,-0.29795
4129,Kingston upon Hull North and Cottingham,1533,Dame Diana Johnson,Labour,Lab,2024-07-04T00:00:00,53.77645,-0.39964
4130,Kingston upon Hull West and Haltemprice,4645,Emma Hardy,Labour,Lab,2024-07-04T00:00:00,53.74201,-0.4024
4131,Kingswinford and South Staffordshire,4384,Mike Wood,Conservative,Con,2024-07-04T00:00:00,52.54033,-2.22922
4132,Knowsley,5038,Anneliese Midgley,Labour,Lab,2024-07-04T00:00:00,53.45997,-2.85514
4429,Lagan Valley,5125,Sorcha Eastwood,Alliance,APNI,2024-07-04T00:00:00,54.46135,-6.09199
4133,Lancaster and Wyre,4436,Cat Smith,Labour,Lab,2024-07-04T00:00:00,53.95185,-2.77866
4134,Leeds Central and Headingley,4658,Alex Sobel,Labour (Co-op),Lab,2024-07-04T00:00:00,53.82665,-1.5962
4135,Leeds East,4493,Richard Burgon,Labour,Lab,2024-07-04T00:00:00,53.7926,-1.40209
4136,Leeds North East,415,Fabian Hamilton,Labour,Lab,2024-07-04T00:00:00,53.84494,-1.53111
4137,Leeds North West,5260,Katie White,Labour,Lab,2024-07-04T00:00:00,53.87277,-1.68085
4138,Leeds South,413,Hilary Benn,Labour,Lab,2024-07-04T00:00:00,53.77424,-1.53272
4139,Leeds South West and Morley,5166,Mark Sewards,Labour,Lab,2024-07-04T00:00:00,53.75082,-1.62051
4140,Leeds West and Pudsey,4031,Rachel Reeves,Labour,Lab,2024-07-04T00:00:00,53.81066,-1.653
4141,Leicester East,5068,Shivani Raja,Conservative,Con,2024-07-04T00:00:00,52.64593,-1.0899
4142,Leicester South,5120,Shockat Adam,Independent,Ind,2024-07-04T00:00:00,52.6177,-1.11467
4143,Leicester West,4026,Liz Kendall,Labour,Lab,2024-07-04T00:00:00,52.64984,-1.17039
4144,Leigh and Atherton,4673,Jo Platt,Labour (Co-op),Lab,2024-07-04T00:00:00,53.49254,-2.53345
4145,Lewes,5265,James MacCleary,Liberal Democrat,LD,2024-07-04T00:00:00,50.83165,0.169249
4146,Lewisham East,4698,Janet Daby,Labour,Lab,2024-07-04T00:00:00,51.43721,-0.00024
4147,Lewisham North,4491,Vicky Foxcroft,Labour,Lab,2024-07-04T00:00:00,51.47146,-0.03567
4148,Lewisham West and East Dulwich,4620,Ellie Reeves,Labour,Lab,2024-07-04T00:00:00,51.44269,-0.05606
4149,Leyton and Wanstead,5054,Mr Calvin Bailey,Labour,Lab,2024-07-04T00:00:00,51.5743,0.017345
4150,Lichfield,5126,Dave Robertson,Labour,Lab,2024-07-04T00:00:00,52.75501,-1.82034
4151,Lincoln,5148,Mr Hamish Falconer,Labour,Lab,2024-07-04T00:00:00,53.22018,-0.57163
4152,Liverpool Garston,483,Maria Eagle,Labour,Lab,2024-07-04T00:00:00,53.36633,-2.87134
4153,Liverpool Riverside,4824,Kim Johnson,Labour,Lab,2024-07-04T00:00:00,53.41016,-2.97377
4154,Liverpool Walton,4651,Dan Carden,Labour,Lab,2024-07-04T00:00:00,53.46138,-2.93176
4155,Liverpool Wavertree,4828,Paula Barker,Labour,Lab,2024-07-04T00:00:00,53.38453,-2.92187
4156,Liverpool West Derby,4831,Ian Byrne,Labour,Lab,2024-07-04T00:00:00,53.42663,-2.90009
4484,Livingston,5167,Gregor Poynton,Labour,Lab,2024-07-04T00:00:00,55.8631,-3.49041
4513,Llanelli,1541,Dame Nia Griffith,Labour,Lab,2024-07-04T00:00:00,51.74722,-4.19532
4485,Lothian East,632,Mr Douglas Alexander,Labour (Co-op),Lab,2024-07-04T00:00:00,55.94218,-2.7044
4157,Loughborough,5259,Dr Jeevun Sandher,Labour,Lab,2024-07-04T00:00:00,52.77423,-1.20187
4158,Louth and Horncastle,4399,Victoria Atkins,Conservative,Con,2024-07-04T00:00:00,53.32037,0.004253
4159,Lowestoft,5156,Jess Asato,Labour,Lab,2024-07-04T00:00:00,52.5253,1.662589
4160,Luton North,4777,Sarah Owen,Labour,Lab,2024-07-04T00:00:00,51.90764,-0.43161
4161,Luton South and South Bedfordshire,4873,Rachel Hopkins,Labour,Lab,2024-07-04T00:00:00,51.85466,-0.40652
4162,Macclesfield,5287,Tim Roca,Labour,Lab,2024-07-04T00:00:00,53.26963,-2.14253
4163,Maidenhead,5343,Mr Joshua Reynolds,Liberal Democrat,LD,2024-07-04T00:00:00,51.50088,-0.74162
4164,Maidstone and Malling,4018,Helen Grant,Conservative,Con,2024-07-04T00:00:00,51.279,0.463786
4165,Makerfield,1427,Andy Burnham,Labour (Co-op),Lab,2017-05-03T00:00:00,53.52128,-2.6291
4166,Maldon,39,Sir John Whittingdale,Conservative,Con,2024-07-04T00:00:00,51.68391,0.688954
4167,Manchester Central,4263,Lucy Powell,Labour (Co-op),Lab,2024-07-04T00:00:00,53.49488,-2.17613
4168,Manchester Rusholme,4671,Afzal Khan,Labour,Lab,2024-07-04T00:00:00,53.45742,-2.23168
4169,Manchester Withington,4456,Jeff Smith,Labour,Lab,2024-07-04T00:00:00,53.42572,-2.25079
4170,Mansfield,5194,Steve Yemm,Labour,Lab,2024-07-04T00:00:00,53.16945,-1.16833
4171,Melksham and Devizes,5214,Brian Mathew,Liberal Democrat,LD,2024-07-04T00:00:00,51.35253,-2.04167
4172,Melton and Syston,4362,Edward Argar,Conservative,Con,2024-07-04T00:00:00,52.78272,-0.89381
4173,Meriden and Solihull East,4818,Saqib Bhatti,Conservative,Con,2024-07-04T00:00:00,52.42133,-1.70309
4514,Merthyr Tydfil and Aberdare,4501,Gerald Jones,Labour,Lab,2024-07-04T00:00:00,51.7389,-3.44704
4174,Mid Bedfordshire,5100,Blake Stephenson,Conservative,Con,2024-07-04T00:00:00,52.01252,-0.49919
4175,Mid Buckinghamshire,4778,Greg Smith,Conservative,Con,2024-07-04T00:00:00,51.78979,-0.94951
4176,Mid Cheshire,5195,Andrew Cooper,Labour,Lab,2024-07-04T00:00:00,53.2143,-2.51568
4177,Mid Derbyshire,5256,Jonathan Davies,Labour,Lab,2024-07-04T00:00:00,52.97173,-1.44882
4178,Mid Dorset and North Poole,5327,Vikki Slade,Liberal Democrat,LD,2024-07-04T00:00:00,50.76628,-2.05761
4486,Mid Dunbartonshire,5157,Susan Murray,Liberal Democrat,LD,2024-07-04T00:00:00,55.966,-4.25665
4179,Mid Leicestershire,5330,Mr Peter Bedford,Conservative,Con,2024-07-04T00:00:00,52.67666,-1.23072
4180,Mid Norfolk,4020,George Freeman,Conservative,Con,2024-07-04T00:00:00,52.63886,0.900213
4181,Mid Sussex,5283,Alison Bennett,Liberal Democrat,LD,2024-07-04T00:00:00,50.95822,-0.15247
4430,Mid Ulster,5153,Mr Cathal Mallaghan,Sinn Féin,SF,2024-07-04T00:00:00,54.69708,-6.70999
4515,Mid and South Pembrokeshire,5121,Henry Tufnell,Labour,Lab,2024-07-04T00:00:00,51.77646,-4.75693
4183,Middlesbrough South and East Cleveland,5147,Luke Myer,Labour,Lab,2024-07-04T00:00:00,54.53891,-0.99511
4182,Middlesbrough and Thornaby East,4269,Andy McDonald,Labour,Lab,2024-07-04T00:00:00,54.55916,-1.24173
4445,Midlothian,5114,Kirsty McNeill,Labour (Co-op),Lab,2024-07-04T00:00:00,55.82111,-3.11738
4184,Milton Keynes Central,5139,Emily Darlington,Labour,Lab,2024-07-04T00:00:00,52.01909,-0.73628
4185,Milton Keynes North,5118,Chris Curtis,Labour,Lab,2024-07-04T00:00:00,52.10557,-0.73474
4186,Mitcham and Morden,193,Dame Siobhain McDonagh,Labour,Lab,2024-07-04T00:00:00,51.40166,-0.16087
4516,Monmouthshire,5291,Catherine Fookes,Labour,Lab,2024-07-04T00:00:00,51.77827,-2.9028
4517,Montgomeryshire and Glyndŵr,5221,Steve Witherden,Labour,Lab,2024-07-04T00:00:00,,
4487,"Moray West, Nairn and Strathspey",5277,Graham Leadbitter,Scottish National Party,SNP,2024-07-04T00:00:00,57.28381,-3.80089
4187,Morecambe and Lunesdale,5225,Lizzi Collinge,Labour,Lab,2024-07-04T00:00:00,54.14824,-2.61777
4488,"Motherwell, Wishaw and Carluke",3909,Pamela Nash,Labour,Lab,2024-07-04T00:00:00,55.75584,-3.75731
4443,Na h-Eileanan an Iar,5246,Torcuil Crichton,Labour,Lab,2024-07-04T00:00:00,58.19938,-6.65722
4518,Neath and Swansea East,4480,Carolyn Harris,Labour,Lab,2024-07-04T00:00:00,51.69724,-3.77311
4188,New Forest East,54,Sir Julian Lewis,Conservative,Con,2024-07-04T00:00:00,50.84443,-1.50165
4189,New Forest West,55,Sir Desmond Swayne,Conservative,Con,2024-07-04T00:00:00,50.87201,-1.7407
4190,Newark,4320,Robert Jenrick,Reform UK,RUK,2024-07-04T00:00:00,53.14381,-0.85951
4191,Newbury,5310,Mr Lee Dillon,Liberal Democrat,LD,2024-07-04T00:00:00,51.4568,-1.39825
4192,Newcastle upon Tyne Central and West,4124,Dame Chi Onwurah,Labour,Lab,2024-07-04T00:00:00,54.98582,-1.67522
4193,Newcastle upon Tyne East and Wallsend,4126,Mary Glindon,Labour,Lab,2024-07-04T00:00:00,54.98885,-1.54399
4194,Newcastle upon Tyne North,4125,Catherine McKinnell,Labour,Lab,2024-07-04T00:00:00,55.01013,-1.61929
4195,Newcastle-under-Lyme,5168,Adam Jogee,Labour,Lab,2024-07-04T00:00:00,53.02921,-2.29326
4519,Newport East,1548,Jessica Morden,Labour,Lab,2024-07-04T00:00:00,51.58231,-2.89769
4520,Newport West and Islwyn,4716,Ruth Jones,Labour,Lab,2024-07-04T00:00:00,51.64047,-3.10648
4431,Newry and Armagh,5292,Dáire Hughes,Sinn Féin,SF,2024-07-04T00:00:00,54.22311,-6.58641
4196,Newton Abbot,5111,Martin Wrigley,Liberal Democrat,LD,2024-07-04T00:00:00,50.55837,-3.56936
4197,Newton Aycliffe and Spennymoor,5080,Alan Strickland,Labour,Lab,2024-07-04T00:00:00,54.67207,-1.5048
4198,Normanton and Hemsworth,410,Jon Trickett,Labour,Lab,2024-07-04T00:00:00,53.64312,-1.36325
4432,North Antrim,5356,Jim Allister,Traditional Unionist Voice,TUV,2024-07-04T00:00:00,55.1229,-6.31722
4446,North Ayrshire and Arran,5145,Irene Campbell,Labour,Lab,2024-07-04T00:00:00,55.57807,-5.23906
4199,North Bedfordshire,3912,Richard Fuller,Conservative,Con,2024-07-04T00:00:00,52.18135,-0.4483
4200,North Cornwall,5350,Ben Maguire,Liberal Democrat,LD,2024-07-04T00:00:00,50.57895,-4.65642
4201,North Cotswolds,249,Sir Geoffrey Clifton-Brown,Conservative,Con,2024-07-04T00:00:00,51.82533,-1.98893
4202,North Devon,5138,Ian Roome,Liberal Democrat,LD,2024-07-04T00:00:00,51.07621,-3.92688
4203,North Dorset,4494,Simon Hoare,Conservative,Con,2024-07-04T00:00:00,50.89615,-2.12207
4433,North Down,5262,Alex Easton,Independent,Ind,2024-07-04T00:00:00,54.63399,-5.6911
4204,North Durham,5112,Luke Akehurst,Labour,Lab,2024-07-04T00:00:00,54.83986,-1.64455
4205,North East Cambridgeshire,4095,Steve Barclay,Conservative,Con,2024-07-04T00:00:00,52.53545,0.008927
4206,North East Derbyshire,5258,Louise Sandher-Jones,Labour,Lab,2024-07-04T00:00:00,53.18911,-1.44219
4489,North East Fife,4765,Wendy Chamberlain,Liberal Democrat,LD,2024-07-04T00:00:00,56.31723,-2.98891
4207,North East Hampshire,5263,Alex Brewer,Liberal Democrat,LD,2024-07-04T00:00:00,51.27963,-0.95478
4208,North East Hertfordshire,5244,Chris Hinchliff,Labour,Lab,2024-07-04T00:00:00,51.93223,-0.06642
4209,North East Somerset and Hanham,221,Dan Norris,Independent,Ind,2024-07-04T00:00:00,51.37554,-2.54176
4210,North Herefordshire,5249,Dr Ellie Chowns,Green Party,Green,2024-07-04T00:00:00,52.15813,-2.74996
4211,North Norfolk,5164,Steff Aquarone,Liberal Democrat,LD,2024-07-04T00:00:00,52.82891,1.315234
4212,North Northumberland,5218,David Smith,Labour,Lab,2024-07-04T00:00:00,55.47056,-1.93166
4213,North Shropshire,4934,Helen Morgan,Liberal Democrat,LD,2024-07-04T00:00:00,52.86487,-2.89372
4214,North Somerset,5312,Sadik Al-Hassan,Labour,Lab,2024-07-04T00:00:00,51.42114,-2.73834
4215,North Warwickshire and Bedworth,5065,Rachel Taylor,Labour,Lab,2024-07-04T00:00:00,52.5614,-1.63725
4216,North West Cambridgeshire,5308,Sam Carling,Labour,Lab,2024-07-04T00:00:00,52.54359,-0.29565
4217,North West Essex,4597,Mrs Kemi Badenoch,Conservative,Con,2024-07-04T00:00:00,51.92826,0.323565
4218,North West Hampshire,4495,Kit Malthouse,Conservative,Con,2024-07-04T00:00:00,51.27907,-1.36969
4219,North West Leicestershire,5149,Amanda Hack,Labour,Lab,2024-07-04T00:00:00,52.7459,-1.40475
4220,North West Norfolk,4787,James Wild,Conservative,Con,2024-07-04T00:00:00,52.8341,0.588193
4221,Northampton North,5333,Lucy Rigby,Labour,Lab,2024-07-04T00:00:00,52.25623,-0.88818
4222,Northampton South,5316,Mike Reader,Labour,Lab,2024-07-04T00:00:00,52.21679,-0.88173
4223,Norwich North,5133,Alice Macdonald,Labour (Co-op),Lab,2024-07-04T00:00:00,52.66252,1.296274
4224,Norwich South,4500,Clive Lewis,Labour,Lab,2024-07-04T00:00:00,52.6248,1.267055
4225,Nottingham East,4869,Nadia Whittome,Labour,Lab,2024-07-04T00:00:00,52.96697,-1.13489
4226,Nottingham North and Kimberley,4641,Alex Norris,Labour (Co-op),Lab,2024-07-04T00:00:00,52.99407,-1.21433
4227,Nottingham South,4029,Lilian Greenwood,Labour,Lab,2024-07-04T00:00:00,52.93693,-1.18432
4228,Nuneaton,5036,Jodie Gosling,Labour,Lab,2024-07-04T00:00:00,52.52654,-1.53423
4229,Old Bexley and Sidcup,4932,Mr Louie French,Conservative,Con,2024-07-04T00:00:00,51.44227,0.128095
4230,Oldham East and Saddleworth,4212,Debbie Abrahams,Labour,Lab,2024-07-04T00:00:00,53.57025,-2.01799
4231,"Oldham West, Chadderton and Royton",4569,Jim McMahon,Labour (Co-op),Lab,2024-07-04T00:00:00,53.55018,-2.13914
4447,Orkney and Shetland,1442,Mr Alistair Carmichael,Liberal Democrat,LD,2024-07-04T00:00:00,60.50495,-1.37344
4232,Orpington,4798,Gareth Bacon,Conservative,Con,2024-07-04T00:00:00,51.36706,0.100427
4233,Ossett and Denby Dale,5236,Jade Botterill,Labour,Lab,2024-07-04T00:00:00,53.62959,-1.55332
4234,Oxford East,4657,Anneliese Dodds,Labour (Co-op),Lab,2024-07-04T00:00:00,51.74172,-1.22177
4235,Oxford West and Abingdon,4656,Layla Moran,Liberal Democrat,LD,2024-07-04T00:00:00,51.72236,-1.29694
4490,Paisley and Renfrewshire North,5093,Alison Taylor,Labour,Lab,2024-07-04T00:00:00,55.88396,-4.46579
4491,Paisley and Renfrewshire South,5063,Johanna Baxter,Labour,Lab,2024-07-04T00:00:00,55.81753,-4.5566
4236,Peckham,5099,Miatta Fahnbulleh,Labour (Co-op),Lab,2024-07-04T00:00:00,51.4772,-0.06931
4237,Pendle and Clitheroe,5264,Jonathan Hinder,Labour,Lab,2024-07-04T00:00:00,53.87261,-2.24894
4238,Penistone and Stocksbridge,5098,Dr Marie Tidball,Labour,Lab,2024-07-04T00:00:00,53.51231,-1.65331
4239,Penrith and Solway,5124,Markus Campbell-Savours,Labour,Lab,2024-07-04T00:00:00,54.70838,-2.63719
4492,Perth and Kinross-shire,1440,Pete Wishart,Scottish National Party,SNP,2024-07-04T00:00:00,56.31822,-3.95977
4240,Peterborough,5243,Andrew Pakes,Labour (Co-op),Lab,2024-07-04T00:00:00,52.6172,-0.15726
4241,Plymouth Moor View,5174,Fred Thomas,Labour,Lab,2024-07-04T00:00:00,50.41457,-4.13881
4242,Plymouth Sutton and Devonport,4682,Luke Pollard,Labour (Co-op),Lab,2024-07-04T00:00:00,50.37984,-4.14439
4243,"Pontefract, Castleford and Knottingley",420,Yvette Cooper,Labour,Lab,2024-07-04T00:00:00,53.69365,-1.29004
4521,Pontypridd,4849,Alex Davies-Jones,Labour,Lab,2024-07-04T00:00:00,51.66667,-3.38478
4244,Poole,5359,Neil Duncan-Jordan,Labour,Lab,2024-07-04T00:00:00,50.7186,-1.94815
4245,Poplar and Limehouse,4790,Apsana Begum,Labour,Lab,2024-07-04T00:00:00,51.50594,-0.01659
4246,Portsmouth North,5294,Amanda Martin,Labour,Lab,2024-07-04T00:00:00,50.84287,-1.06287
4247,Portsmouth South,4653,Stephen Morgan,Labour,Lab,2024-07-04T00:00:00,50.79475,-1.07317
4248,Preston,473,Sir Mark Hendrick,Labour (Co-op),Lab,2024-07-04T00:00:00,53.77382,-2.70954
4249,Putney,4788,Fleur Anderson,Labour,Lab,2024-07-04T00:00:00,51.45242,-0.22344
4250,Queen's Park and Maida Vale,5305,Georgia Gould,Labour,Lab,2024-07-04T00:00:00,51.53117,-0.20837
4251,Rawmarsh and Conisbrough,400,John Healey,Labour,Lab,2024-07-04T00:00:00,53.46185,-1.22609
4252,Rayleigh and Wickford,1444,Mr Mark Francois,Conservative,Con,2024-07-04T00:00:00,51.60374,0.605717
4253,Reading Central,4654,Matt Rodda,Labour,Lab,2024-07-04T00:00:00,51.46012,-0.97915
4254,Reading West and Mid Berkshire,5337,Olivia Bailey,Labour,Lab,2024-07-04T00:00:00,51.44711,-1.16872
4255,Redcar,4449,Anna Turley,Labour (Co-op),Lab,2024-07-04T00:00:00,54.58573,-1.07004
4256,Redditch,5109,Chris Bloore,Labour,Lab,2024-07-04T00:00:00,52.23051,-1.99032
4257,Reigate,5297,Rebecca Paul,Conservative,Con,2024-07-04T00:00:00,51.27233,-0.20731
4522,Rhondda and Ogmore,1446,Chris Bryant,Labour,Lab,2024-07-04T00:00:00,51.6338,-3.50351
4258,Ribble Valley,5228,Maya Ellis,Labour,Lab,2024-07-04T00:00:00,53.89545,-2.50584
4260,Richmond Park,4591,Sarah Olney,Liberal Democrat,LD,2024-07-04T00:00:00,51.44583,-0.277
4259,Richmond and Northallerton,4483,Rishi Sunak,Conservative,Con,2024-07-04T00:00:00,54.35745,-1.80484
4261,Rochdale,5071,Paul Waugh,Labour (Co-op),Lab,2024-07-04T00:00:00,53.63405,-2.10582
4262,Rochester and Strood,5298,Lauren Edwards,Labour,Lab,2024-07-04T00:00:00,51.44772,0.563174
4263,Romford,1447,Andrew Rosindell,Reform UK,RUK,2024-07-04T00:00:00,51.59452,0.184512
4264,Romsey and Southampton North,4048,Caroline Nokes,Conservative,Con,2024-07-04T00:00:00,51.06854,-1.50284
4265,Rossendale and Darwen,5134,Andy MacNae,Labour,Lab,2024-07-04T00:00:00,53.68431,-2.41863
4266,Rother Valley,5082,Jake Richards,Labour,Lab,2024-07-04T00:00:00,53.36817,-1.23918
4267,Rotherham,4267,Sarah Champion,Labour,Lab,2024-07-04T00:00:00,53.40532,-1.35646
4268,Rugby,5127,John Slinger,Labour,Lab,2024-07-04T00:00:00,52.42801,-1.32107
4269,"Ruislip, Northwood and Pinner",4872,David Simmonds,Conservative,Con,2024-07-04T00:00:00,51.59835,-0.43448
4270,Runcorn and Helsby,5403,Sarah Pochin,Reform UK,RUK,2025-05-01T00:00:00,53.2791,-2.7682
4271,Runnymede and Weybridge,4785,Dr Ben Spencer,Conservative,Con,2024-07-04T00:00:00,51.36964,-0.50946
4272,Rushcliffe,5047,James Naish,Labour,Lab,2024-07-04T00:00:00,52.87378,-1.09857
4493,Rutherglen,4998,Michael Shanks,Labour,Lab,2024-07-04T00:00:00,55.81361,-4.13298
4273,Rutland and Stamford,4805,Alicia Kearns,Conservative,Con,2024-07-04T00:00:00,52.69929,-0.55231
4274,Salford,4396,Rebecca Long Bailey,Labour,Lab,2024-07-04T00:00:00,53.49367,-2.29974
4275,Salisbury,4051,John Glen,Conservative,Con,2024-07-04T00:00:00,51.07421,-1.91698
4276,Scarborough and Whitby,5254,Alison Hume,Labour,Lab,2024-07-04T00:00:00,54.44321,-0.67886
4277,Scunthorpe,4056,Sir Nicholas Dakin,Labour,Lab,2024-07-04T00:00:00,53.50825,-0.57669
4278,Sefton Central,4061,Bill Esterson,Labour,Lab,2024-07-04T00:00:00,53.54666,-3.07335
4279,Selby,4993,Keir Mather,Labour,Lab,2024-07-04T00:00:00,53.7381,-1.12794
4280,Sevenoaks,4780,Laura Trott,Conservative,Con,2024-07-04T00:00:00,51.31929,0.170233
4281,Sheffield Brightside and Hillsborough,4571,Gill Furniss,Labour,Lab,2024-07-04T00:00:00,53.41399,-1.46837
4282,Sheffield Central,5142,Abtisam Mohamed,Labour,Lab,2024-07-04T00:00:00,53.3721,-1.48554
4283,Sheffield Hallam,4864,Olivia Blake,Labour,Lab,2024-07-04T00:00:00,53.39622,-1.60214
4284,Sheffield Heeley,4473,Louise Haigh,Labour,Lab,2024-07-04T00:00:00,53.35791,-1.45554
4285,Sheffield South East,394,Mr Clive Betts,Labour,Lab,2024-07-04T00:00:00,53.37543,-1.39193
4286,Sherwood Forest,5226,Michelle Welsh,Labour,Lab,2024-07-04T00:00:00,53.13369,-1.09019
4287,Shipley,5281,Anna Dixon,Labour,Lab,2024-07-04T00:00:00,53.85279,-1.80977
4288,Shrewsbury,5171,Julia Buckley,Labour,Lab,2024-07-04T00:00:00,52.69763,-2.87257
4289,Sittingbourne and Sheppey,5300,Kevin McKenna,Labour,Lab,2024-07-04T00:00:00,51.401,0.827341
4290,Skipton and Ripon,4118,Sir Julian Smith,Conservative,Con,2024-07-04T00:00:00,54.05609,-1.99324
4291,Sleaford and North Hykeham,4592,Dr Caroline Johnson,Conservative,Con,2024-07-04T00:00:00,53.10804,-0.46865
4292,Slough,4638,Mr Tanmanjeet Singh Dhesi,Labour,Lab,2024-07-04T00:00:00,51.51526,-0.61019
4293,Smethwick,5059,Gurinder Singh Josan,Labour,Lab,2024-07-04T00:00:00,52.48674,-1.99504
4294,Solihull West and Shirley,5197,Dr Neil Shastri-Hurst,Conservative,Con,2024-07-04T00:00:00,52.40197,-1.81572
4434,South Antrim,5319,Robin Swann,Ulster Unionist Party,UUP,2024-07-04T00:00:00,54.66833,-6.18376
4295,South Basildon and East Thurrock,5361,James McMurdock,Independent,Ind,2024-07-04T00:00:00,51.52365,0.426184
4296,South Cambridgeshire,5078,Pippa Heylings,Liberal Democrat,LD,2024-07-04T00:00:00,52.13806,0.128854
4297,South Cotswolds,5352,Dr Roz Savage,Liberal Democrat,LD,2024-07-04T00:00:00,51.6045,-2.1185
4298,South Derbyshire,5150,Samantha Niblett,Labour,Lab,2024-07-04T00:00:00,52.82189,-1.50355
4299,South Devon,5216,Caroline Voaden,Liberal Democrat,LD,2024-07-04T00:00:00,50.34989,-3.71523
4300,South Dorset,5217,Lloyd Hatton,Labour,Lab,2024-07-04T00:00:00,50.66872,-2.24911
4435,South Down,4636,Chris Hazzard,Sinn Féin,SF,2024-07-04T00:00:00,54.21761,-5.9826
4301,South East Cornwall,5353,Anna Gelderd,Labour,Lab,2024-07-04T00:00:00,50.44057,-4.44531
4302,South Holland and The Deepings,350,Sir John Hayes,Conservative,Con,2024-07-04T00:00:00,52.78663,-0.03058
4303,South Leicestershire,4439,Alberto Costa,Conservative,Con,2024-07-04T00:00:00,52.49743,-1.17805
4304,South Norfolk,5205,Ben Goldsborough,Labour,Lab,2024-07-04T00:00:00,52.56332,1.301476
4305,South Northamptonshire,5355,Sarah Bool,Conservative,Con,2024-07-04T00:00:00,52.1286,-1.05585
4306,South Ribble,5074,Mr Paul Foster,Labour,Lab,2024-07-04T00:00:00,53.68664,-2.75388
4307,South Shields,4277,Emma Lewell,Labour,Lab,2024-07-04T00:00:00,54.96643,-1.40795
4308,South Shropshire,4742,Stuart Anderson,Conservative,Con,2024-07-04T00:00:00,52.50461,-2.66303
4309,South Suffolk,4519,James Cartlidge,Conservative,Con,2024-07-04T00:00:00,52.0645,0.916149
4310,South West Devon,5301,Rebecca Smith,Conservative,Con,2024-07-04T00:00:00,50.42435,-3.9984
4311,South West Hertfordshire,4804,Mr Gagan Mohindra,Conservative,Con,2024-07-04T00:00:00,51.67025,-0.44957
4312,South West Norfolk,5338,Terry Jermy,Labour,Lab,2024-07-04T00:00:00,52.55109,0.555738
4313,South West Wiltshire,1466,Dr Andrew Murrison,Conservative,Con,2024-07-04T00:00:00,51.20504,-2.117
4314,Southampton Itchen,5270,Darren Paffey,Labour,Lab,2024-07-04T00:00:00,50.90698,-1.35486
4315,Southampton Test,5271,Satvir Kaur,Labour,Lab,2024-07-04T00:00:00,50.92522,-1.42789
4316,Southend East and Rochford,5097,Mr Bayo Alaba,Labour,Lab,2024-07-04T00:00:00,51.58101,0.690265
4317,Southend West and Leigh,5106,David Burton-Sampson,Labour,Lab,2024-07-04T00:00:00,51.55564,0.683588
4318,Southgate and Wood Green,4610,Bambos Charalambous,Labour,Lab,2024-07-04T00:00:00,51.64967,-0.13052
4319,Southport,5052,Patrick Hurley,Labour,Lab,2024-07-04T00:00:00,53.67175,-2.90998
4320,Spelthorne,5332,Lincoln Jopp,Conservative,Con,2024-07-04T00:00:00,51.41552,-0.46254
4321,Spen Valley,4923,Kim Leadbeater,Labour,Lab,2024-07-04T00:00:00,53.70967,-1.7011
4322,St Albans,4769,Daisy Cooper,Liberal Democrat,LD,2024-07-04T00:00:00,51.74088,-0.3266
4323,St Austell and Newquay,5302,Noah Law,Labour,Lab,2024-07-04T00:00:00,50.35517,-4.78134
4324,St Helens North,5092,David Baines,Labour,Lab,2024-07-04T00:00:00,53.48275,-2.73586
4325,St Helens South and Whiston,4457,Ms Marie Rimmer,Labour,Lab,2024-07-04T00:00:00,53.4284,-2.72673
4326,St Ives,227,Andrew George,Liberal Democrat,LD,2024-07-04T00:00:00,50.08141,-5.61722
4327,St Neots and Mid Cambridgeshire,5096,Ian Sollom,Liberal Democrat,LD,2024-07-04T00:00:00,52.25421,-0.01934
4328,Stafford,5290,Leigh Ingham,Labour,Lab,2024-07-04T00:00:00,52.83817,-2.26848
4329,Staffordshire Moorlands,4110,Dame Karen Bradley,Conservative,Con,2024-07-04T00:00:00,53.08317,-1.99334
4330,Stalybridge and Hyde,4119,Jonathan Reynolds,Labour (Co-op),Lab,2024-07-04T00:00:00,53.47929,-2.0314
4331,Stevenage,5051,Kevin Bonavia,Labour,Lab,2024-07-04T00:00:00,51.89386,-0.19526
4494,Stirling and Strathallan,5155,Chris Kane,Labour,Lab,2024-07-04T00:00:00,56.25541,-4.15482
4332,Stockport,4811,Navendu Mishra,Labour,Lab,2024-07-04T00:00:00,53.41806,-2.17074
4333,Stockton North,5116,Chris McDonald,Labour,Lab,2024-07-04T00:00:00,54.60588,-1.28449
4334,Stockton West,4844,Matt Vickers,Conservative,Con,2024-07-04T00:00:00,54.54722,-1.41259
4335,Stoke-on-Trent Central,4595,Gareth Snell,Labour (Co-op),Lab,2024-07-04T00:00:00,53.0151,-2.16538
4336,Stoke-on-Trent North,5151,David Williams,Labour,Lab,2024-07-04T00:00:00,53.07413,-2.22164
4337,Stoke-on-Trent South,5334,Dr Allison Gardner,Labour,Lab,2024-07-04T00:00:00,52.94242,-2.09041
4338,"Stone, Great Wyrley and Penkridge",4108,Sir Gavin Williamson,Conservative,Con,2024-07-04T00:00:00,52.70673,-2.12918
4339,Stourbridge,5293,Cat Eccles,Labour,Lab,2024-07-04T00:00:00,52.46149,-2.1204
4436,Strangford,4131,Jim Shannon,Democratic Unionist Party,DUP,2024-07-04T00:00:00,54.44877,-5.678
4340,Stratford and Bow,5278,Uma Kumaran,Labour,Lab,2024-07-04T00:00:00,51.54026,-0.01533
4341,Stratford-on-Avon,5122,Manuela Perteghella,Liberal Democrat,LD,2024-07-04T00:00:00,52.16189,-1.7711
4342,Streatham and Croydon North,4268,Steve Reed,Labour (Co-op),Lab,2024-07-04T00:00:00,51.42103,-0.11353
4343,Stretford and Urmston,4979,Andrew Western,Labour,Lab,2024-07-04T00:00:00,53.44507,-2.3509
4344,Stroud,5030,Dr Simon Opher,Labour,Lab,2024-07-04T00:00:00,51.71792,-2.34698
4345,Suffolk Coastal,5160,Jenny Riddell-Carpenter,Labour,Lab,2024-07-04T00:00:00,52.0672,1.417097
4346,Sunderland Central,5028,Lewis Atkinson,Labour,Lab,2024-07-04T00:00:00,54.90207,-1.39454
4347,Surrey Heath,5288,Dr Al Pinkerton,Liberal Democrat,LD,2024-07-04T00:00:00,51.31415,-0.66277
4348,Sussex Weald,4460,Ms Nusrat Ghani,Conservative,Con,2024-07-04T00:00:00,51.00083,0.20397
4350,Sutton Coldfield,1211,Sir Andrew Mitchell,Conservative,Con,2024-07-04T00:00:00,52.56731,-1.8101
4349,Sutton and Cheam,5103,Luke Taylor,Liberal Democrat,LD,2024-07-04T00:00:00,51.36222,-0.20962
4523,Swansea West,5069,Torsten Bell,Labour,Lab,2024-07-04T00:00:00,51.63859,-3.95702
4351,Swindon North,5035,Will Stone,Labour,Lab,2024-07-04T00:00:00,51.6142,-1.75121
4352,Swindon South,4038,Heidi Alexander,Labour,Lab,2024-07-04T00:00:00,51.55432,-1.78572
4353,Tamworth,5001,Sarah Edwards,Labour,Lab,2024-07-04T00:00:00,52.65842,-1.73683
4354,Tatton,4084,Esther McVey,Conservative,Con,2024-07-04T00:00:00,53.28416,-2.41375
4355,Taunton and Wellington,5250,Gideon Amos,Liberal Democrat,LD,2024-07-04T00:00:00,50.98235,-3.1231
4356,Telford,5041,Shaun Davies,Labour,Lab,2024-07-04T00:00:00,52.66784,-2.45611
4357,Tewkesbury,5354,Cameron Thomas,Independent,Ind,2024-07-04T00:00:00,51.95501,-2.07207
4358,The Wrekin,1576,Mark Pritchard,Conservative,Con,2024-07-04T00:00:00,52.75543,-2.49555
4359,Thirsk and Malton,4474,Kevin Hollinrake,Conservative,Con,2024-07-04T00:00:00,54.1961,-0.9584
4360,Thornbury and Yate,5140,Claire Young,Liberal Democrat,LD,2024-07-04T00:00:00,51.54996,-2.40934
4361,Thurrock,5056,Jen Craft,Labour,Lab,2024-07-04T00:00:00,51.49678,0.291985
4362,Tipton and Wednesbury,5048,Antonia Bance,Labour,Lab,2024-07-04T00:00:00,52.5414,-2.04465
4363,Tiverton and Minehead,5252,Rachel Gilmour,Liberal Democrat,LD,2024-07-04T00:00:00,51.03978,-3.44112
4364,Tonbridge,4462,Tom Tugendhat,Conservative,Con,2024-07-04T00:00:00,51.26228,0.349045
4365,Tooting,4573,Dr Rosena Allin-Khan,Labour,Lab,2024-07-04T00:00:00,51.43864,-0.16428
4366,Torbay,5066,Steve Darling,Liberal Democrat,LD,2024-07-04T00:00:00,50.4651,-3.53884
4524,Torfaen,4479,Nick Thomas-Symonds,Labour,Lab,2024-07-04T00:00:00,51.69836,-3.05101
4367,Torridge and Tavistock,1508,Sir Geoffrey Cox,Conservative,Con,2024-07-04T00:00:00,50.7834,-4.20983
4368,Tottenham,206,Mr David Lammy,Labour,Lab,2024-07-04T00:00:00,51.59215,-0.07266
4369,Truro and Falmouth,5279,Jayne Kirkham,Labour (Co-op),Lab,2024-07-04T00:00:00,50.26672,-5.09582
4370,Tunbridge Wells,5219,Mike Martin,Liberal Democrat,LD,2024-07-04T00:00:00,51.14153,0.381826
4371,Twickenham,4776,Munira Wilson,Liberal Democrat,LD,2024-07-04T00:00:00,51.42879,-0.35086
4372,Tynemouth,529,Sir Alan Campbell,Labour,Lab,2024-07-04T00:00:00,55.0296,-1.45695
4437,Upper Bann,4857,Carla Lockhart,Democratic Unionist Party,DUP,2024-07-04T00:00:00,54.43876,-6.43507
4373,Uxbridge and South Ruislip,5339,Danny Beales,Labour,Lab,2024-07-04T00:00:00,51.55144,-0.43426
4525,Vale of Glamorgan,5039,Kanishka Narayan,Labour,Lab,2024-07-04T00:00:00,51.44807,-3.42173
4374,Vauxhall and Camberwell Green,4870,Florence Eshalomi,Labour (Co-op),Lab,2024-07-04T00:00:00,51.4828,-0.10958
4375,Wakefield and Rothwell,4943,Simon Lightwood,Labour (Co-op),Lab,2024-07-04T00:00:00,53.69904,-1.48691
4376,Wallasey,491,Dame Angela Eagle,Labour,Lab,2024-07-04T00:00:00,53.41152,-3.10986
4377,Walsall and Bloxwich,4076,Valerie Vaz,Labour,Lab,2024-07-04T00:00:00,52.59886,-1.98887
4378,Walthamstow,4088,Ms Stella Creasy,Labour (Co-op),Lab,2024-07-04T00:00:00,51.58494,-0.02085
4379,Warrington North,4799,Charlotte Nichols,Labour,Lab,2024-07-04T00:00:00,53.43221,-2.5624
4380,Warrington South,5154,Sarah Hall,Labour (Co-op),Lab,2024-07-04T00:00:00,53.35854,-2.56762
4381,Warwick and Leamington,4617,Matt Western,Labour,Lab,2024-07-04T00:00:00,52.28326,-1.5263
4382,Washington and Gateshead South,1521,Mrs Sharon Hodgson,Labour,Lab,2024-07-04T00:00:00,54.905,-1.56734
4383,Watford,5130,Matt Turmaine,Labour,Lab,2024-07-04T00:00:00,51.6724,-0.40105
4384,Waveney Valley,5320,Adrian Ramsay,Green Party,Green,2024-07-04T00:00:00,52.35373,1.167248
4385,Weald of Kent,5285,Katie Lam,Conservative,Con,2024-07-04T00:00:00,51.10964,0.685368
4386,Wellingborough and Rushden,5011,Gen Kitchen,Labour,Lab,2024-07-04T00:00:00,52.30802,-0.64115
4387,Wells and Mendip Hills,4089,Tessa Munt,Liberal Democrat,LD,2024-07-04T00:00:00,51.26206,-2.75907
4388,Welwyn Hatfield,5061,Andrew Lewin,Labour,Lab,2024-07-04T00:00:00,51.77746,-0.20751
4448,West Aberdeenshire and Kincardine,4601,Andrew Bowie,Conservative,Con,2024-07-04T00:00:00,57.02113,-2.9473
4389,West Bromwich,5088,Sarah Coombes,Labour,Lab,2024-07-04T00:00:00,52.51972,-1.99389
4390,West Dorset,5326,Edward Morello,Liberal Democrat,LD,2024-07-04T00:00:00,50.80161,-2.59891
4495,West Dunbartonshire,5057,Douglas McAllister,Labour,Lab,2024-07-04T00:00:00,56.00009,-4.51758
4391,West Ham and Beckton,5211,James Asser,Labour,Lab,2024-07-04T00:00:00,51.51929,0.067814
4392,West Lancashire,4981,Ashley Dalton,Labour,Lab,2024-07-04T00:00:00,53.56614,-2.87649
4393,West Suffolk,5062,Nick Timothy,Conservative,Con,2024-07-04T00:00:00,52.25724,0.559576
4438,West Tyrone,4697,Órfhlaith Begley,Sinn Féin,SF,2024-07-04T00:00:00,54.68977,-7.45482
4394,West Worcestershire,4107,Dame Harriett Baldwin,Conservative,Con,2024-07-04T00:00:00,52.14808,-2.28706
4395,Westmorland and Lonsdale,1591,Tim Farron,Liberal Democrat,LD,2024-07-04T00:00:00,54.4406,-2.71306
4396,Weston-super-Mare,5172,Dan Aldridge,Labour,Lab,2024-07-04T00:00:00,51.34768,-2.93634
4397,Wetherby and Easingwold,3997,Sir Alec Shelbrooke,Conservative,Con,2024-07-04T00:00:00,53.98019,-1.2888
4398,Whitehaven and Workington,5033,Josh MacAlister,Labour,Lab,2024-07-04T00:00:00,54.47802,-3.41724
4399,Widnes and Halewood,429,Derek Twigg,Labour,Lab,2024-07-04T00:00:00,53.36995,-2.77467
4400,Wigan,4082,Lisa Nandy,Labour,Lab,2024-07-04T00:00:00,53.56879,-2.63906
4401,Wimbledon,5321,Mr Paul Kohler,Liberal Democrat,LD,2024-07-04T00:00:00,51.41,-0.2158
4402,Winchester,5304,Dr Danny Chambers,Liberal Democrat,LD,2024-07-04T00:00:00,51.06372,-1.24477
4403,Windsor,5340,Jack Rankin,Conservative,Con,2024-07-04T00:00:00,51.44173,-0.59372
4404,Wirral West,5162,Matthew Patrick,Labour,Lab,2024-07-04T00:00:00,53.34412,-3.09208
4405,Witham,4066,Priti Patel,Conservative,Con,2024-07-04T00:00:00,51.84159,0.719323
4406,Witney,5325,Charlie Maynard,Liberal Democrat,LD,2024-07-04T00:00:00,51.7104,-1.5051
4407,Woking,5322,Mr Will Forster,Liberal Democrat,LD,2024-07-04T00:00:00,51.30839,-0.57981
4408,Wokingham,5207,Clive Jones,Liberal Democrat,LD,2024-07-04T00:00:00,51.39859,-0.88961
4409,Wolverhampton North East,5152,Sureena Brackenridge,Labour,Lab,2024-07-04T00:00:00,52.61134,-2.078
4410,Wolverhampton South East,1587,Pat McFadden,Labour,Lab,2024-07-04T00:00:00,52.57086,-2.06643
4411,Wolverhampton West,5230,Warinder Juss,Labour,Lab,2024-07-04T00:00:00,52.58854,-2.15998
4412,Worcester,5087,Tom Collins,Labour,Lab,2024-07-04T00:00:00,52.19477,-2.20997
4413,Worsley and Eccles,5242,Michael Wheeler,Labour,Lab,2024-07-04T00:00:00,53.47026,-2.42866
4414,Worthing West,5307,Dr Beccy Cooper,Labour,Lab,2024-07-04T00:00:00,50.84352,-0.43695
4526,Wrexham,5046,Andrew Ranger,Labour,Lab,2024-07-04T00:00:00,53.03126,-2.93642
4415,Wycombe,4077,Emma Reynolds,Labour,Lab,2024-07-04T00:00:00,51.60498,-0.85659
4416,Wyre Forest,4074,Mark Garnier,Conservative,Con,2024-07-04T00:00:00,52.3853,-2.23494
4417,Wythenshawe and Sale East,4316,Mike Kane,Labour,Lab,2024-07-04T00:00:00,53.40573,-2.29132
4418,Yeovil,5191,Adam Dance,Liberal Democrat,LD,2024-07-04T00:00:00,50.89936,-2.83534
4527,Ynys Môn,5085,Llinos Medi,Plaid Cymru,PC,2024-07-04T00:00:00,53.27931,-4.32298
4419,York Central,4471,Rachael Maskell,Labour (Co-op),Lab,2024-07-04T00:00:00,53.95408,-1.08231
4420,York Outer,5199,Mr Luke Charters,Labour,Lab,2024-07-04T00:00:00,54.01364,-1.06968
